Index,Close
0,124.5475547
1,125.2338481
2,125.0729643
3,125.1963507
4,125.4674719
5,125.6319122
6,125.7446048
7,125.9912171
8,126.2236438
9,126.4355127