Index,Close
0,120.687775
1,116.49706
2,115.37537
3,115.43665
4,118.9762
5,112.05498
6,118.558075
7,119.28817
8,120.36652
9,122.0501